{
    "timestamp": "2025-07-13T01:33:21.696822",
    "overall_metrics": {
        "loss": 0.0026219934340012685,
        "accuracy": 0.9992628992628992,
        "precision": 0.9992630549836193,
        "recall": 0.9992628992628992,
        "f1_score": 0.9992629162750649,
        "num_samples": 4070
    },
    "per_class_metrics": [
        {
            "class": "Healthy",
            "precision": 0.9989165763813651,
            "recall": 0.9994579945799458,
            "f1_score": 0.9991872121376321,
            "support": 1845
        },
        {
            "class": "Unhealthy",
            "precision": 0.9995503597122302,
            "recall": 0.9991011235955056,
            "f1_score": 0.9993256911665542,
            "support": 2225
        }
    ],
    "confusion_matrix": [
        [
            1844,
            1
        ],
        [
            2,
            2223
        ]
    ],
    "class_names": [
        "Healthy",
        "Unhealthy"
    ]
}