{
    "timestamp": "2025-07-11T19:25:10.941218",
    "overall_metrics": {
        "loss": 0.002670016717040369,
        "accuracy": 0.9985257985257985,
        "precision": 0.9985257985257985,
        "recall": 0.9985257985257985,
        "f1_score": 0.9985257985257985,
        "num_samples": 4070
    },
    "per_class_metrics": [
        {
            "class": "Healthy",
            "precision": 0.9983739837398374,
            "recall": 0.9983739837398374,
            "f1_score": 0.9983739837398374,
            "support": 1845
        },
        {
            "class": "Unhealthy",
            "precision": 0.9986516853932584,
            "recall": 0.9986516853932584,
            "f1_score": 0.9986516853932584,
            "support": 2225
        }
    ],
    "confusion_matrix": [
        [
            1842,
            3
        ],
        [
            3,
            2222
        ]
    ],
    "class_names": [
        "Healthy",
        "Unhealthy"
    ]
}