{
    "timestamp": "2025-07-09T12:17:05.543407",
    "overall_metrics": {
        "loss": 0.005455203829010368,
        "accuracy": 0.997473836160231,
        "precision": 0.9974804641041813,
        "recall": 0.997473836160231,
        "f1_score": 0.997473901972818,
        "num_samples": 2771
    },
    "per_class_metrics": [
        {
            "class": "Healthy",
            "precision": 0.9992872416250891,
            "recall": 0.9957386363636364,
            "f1_score": 0.9975097829953753,
            "support": 1408
        },
        {
            "class": "Unhealthy",
            "precision": 0.9956140350877193,
            "recall": 0.9992663242846662,
            "f1_score": 0.997436836323691,
            "support": 1363
        }
    ],
    "confusion_matrix": [
        [
            1402,
            6
        ],
        [
            1,
            1362
        ]
    ],
    "class_names": [
        "Healthy",
        "Unhealthy"
    ]
}