{
    "timestamp": "2025-07-09T14:11:11.192715",
    "overall_metrics": {
        "loss": 0.49682972176986584,
        "accuracy": 0.8614250614250615,
        "precision": 0.89897997070986,
        "recall": 0.8614250614250615,
        "f1_score": 0.8744223505853973,
        "num_samples": 4070
    },
    "per_class_metrics": [
        {
            "class": "Real",
            "precision": 0.38128249566724437,
            "recall": 0.7508532423208191,
            "f1_score": 0.5057471264367817,
            "support": 293
        },
        {
            "class": "GAN",
            "precision": 0.9603227975790182,
            "recall": 0.9009463722397476,
            "f1_score": 0.9296875,
            "support": 3170
        },
        {
            "class": "Diffusion",
            "precision": 0.8285163776493256,
            "recall": 0.7084019769357496,
            "f1_score": 0.7637655417406749,
            "support": 607
        }
    ],
    "confusion_matrix": [
        [
            220,
            72,
            1
        ],
        [
            226,
            2856,
            88
        ],
        [
            131,
            46,
            430
        ]
    ],
    "class_names": [
        "Real",
        "GAN",
        "Diffusion"
    ]
}