{
    "timestamp": "2025-07-11T06:33:18.703416",
    "overall_metrics": {
        "loss": 0.003421408491136787,
        "accuracy": 0.9978347167087694,
        "precision": 0.9978442066282343,
        "recall": 0.9978347167087694,
        "f1_score": 0.9978347827087134,
        "num_samples": 2771
    },
    "per_class_metrics": [
        {
            "class": "Healthy",
            "precision": 1.0,
            "recall": 0.9957386363636364,
            "f1_score": 0.997864768683274,
            "support": 1408
        },
        {
            "class": "Unhealthy",
            "precision": 0.9956172388604821,
            "recall": 1.0,
            "f1_score": 0.9978038067349927,
            "support": 1363
        }
    ],
    "confusion_matrix": [
        [
            1402,
            6
        ],
        [
            0,
            1363
        ]
    ],
    "class_names": [
        "Healthy",
        "Unhealthy"
    ]
}