{
    "train_loss": [
        0.2461019793108582,
        0.11696950342262354,
        0.0985554901690221,
        0.08897001432011094,
        0.08440602153165427,
        0.07940647899615472,
        0.0812749096470257,
        0.07974727484936255,
        0.07323559011400732,
        0.07375416831932735,
        0.07037382446905624,
        0.07049123274447337,
        0.07141831936491894,
        0.06623354492017282,
        0.06562733573376951,
        0.06555433288203125,
        0.06523535863278063,
        0.06892188391726198,
        0.06766773265633375,
        0.06115811952897256,
        0.06114437276337301,
        0.06320885829631058,
        0.06007074707193382,
        0.06391342516504427,
        0.06287835636339185,
        0.061664641315622125,
        0.059271881632900925,
        0.05825093965402441,
        0.0571310993684796,
        0.054495084523847055,
        0.05487613142517649,
        0.05860189383773663,
        0.05488581553631699,
        0.05488985158907763,
        0.05521553355060756,
        0.05367784167457758,
        0.05739597011431258,
        0.05232926997732828,
        0.05478323726451288,
        0.054720106901447865,
        0.053887507379624874,
        0.055872772713801346,
        0.05337874460635817,
        0.054082105726696826,
        0.0573598397155916,
        0.055792568623594364,
        0.053647212657221284,
        0.054780560132056545,
        0.05276070376170609,
        0.05602112223299949
    ],
    "train_acc": [
        91.62380952380953,
        95.74285714285715,
        96.27142857142857,
        96.68095238095238,
        96.66666666666667,
        96.9095238095238,
        96.77142857142857,
        97.01428571428572,
        97.18571428571428,
        97.04761904761905,
        97.08571428571429,
        97.3047619047619,
        97.27619047619048,
        97.44761904761904,
        97.46190476190476,
        97.46666666666667,
        97.36190476190477,
        97.22857142857143,
        97.26666666666667,
        97.65238095238095,
        97.55714285714286,
        97.58095238095238,
        97.5904761904762,
        97.67142857142858,
        97.51904761904763,
        97.62380952380953,
        97.72857142857143,
        97.63809523809523,
        97.78571428571429,
        97.94285714285714,
        97.83333333333333,
        97.67142857142858,
        97.94761904761904,
        97.87619047619047,
        97.87619047619047,
        97.9,
        97.71428571428571,
        97.95714285714286,
        97.91904761904762,
        97.96666666666667,
        97.88095238095238,
        97.83809523809524,
        97.97619047619048,
        97.94761904761904,
        97.79523809523809,
        97.88095238095238,
        97.93333333333334,
        97.9095238095238,
        97.95238095238095,
        97.83333333333333
    ],
    "val_loss": [
        0.11568097943268346,
        0.08101672931501629,
        0.06947291890119618,
        0.06359663470615204,
        0.060048176008705975,
        0.058972945757183835,
        0.05721113501869617,
        0.05572416270746196,
        0.05442424301811038,
        0.05495663378255587,
        0.06570948024795568,
        0.05168303516726439,
        0.05069272929855378,
        0.04992700876265183,
        0.04915625934657502,
        0.04901222758497118,
        0.05007645214993692,
        0.05065319993770979,
        0.04801553334869074,
        0.0485573750986645,
        0.047488485353153385,
        0.04546184762684853,
        0.04583403866090779,
        0.045281990378408146,
        0.045157155177245535,
        0.04531664012746344,
        0.044623274666567646,
        0.04506393298275557,
        0.04442917279311264,
        0.04590105098599555,
        0.043079770308034164,
        0.04372001314330978,
        0.04426417892290187,
        0.045365433083972666,
        0.043931958557053716,
        0.043802919895024904,
        0.04401396319488103,
        0.042972935180358114,
        0.04371751867340389,
        0.04331835100579188,
        0.04238421743378994,
        0.04225944364047114,
        0.0422692032661355,
        0.04228095985546127,
        0.04233081543946916,
        0.04241587321112157,
        0.04240394588923148,
        0.042432251662108386,
        0.042348660617829006,
        0.04235677257451024
    ],
    "val_acc": [
        95.5111111111111,
        97.31111111111112,
        97.53333333333333,
        97.75555555555556,
        97.8,
        97.77777777777777,
        97.86666666666666,
        97.91111111111111,
        98.13333333333334,
        98.08888888888889,
        97.71111111111111,
        98.17777777777778,
        98.17777777777778,
        98.26666666666667,
        98.28888888888889,
        98.24444444444444,
        98.26666666666667,
        98.28888888888889,
        98.33333333333333,
        98.28888888888889,
        98.37777777777778,
        98.42222222222222,
        98.28888888888889,
        98.35555555555555,
        98.4,
        98.35555555555555,
        98.4,
        98.33333333333333,
        98.35555555555555,
        98.42222222222222,
        98.44444444444444,
        98.35555555555555,
        98.31111111111112,
        98.37777777777778,
        98.46666666666667,
        98.4,
        98.35555555555555,
        98.42222222222222,
        98.37777777777778,
        98.37777777777778,
        98.4,
        98.35555555555555,
        98.4,
        98.42222222222222,
        98.44444444444444,
        98.44444444444444,
        98.42222222222222,
        98.44444444444444,
        98.42222222222222,
        98.42222222222222
    ]
}