{
    "timestamp": "2025-07-11T03:51:44.928408",
    "overall_metrics": {
        "loss": 0.003523560967038776,
        "accuracy": 0.997473836160231,
        "precision": 0.9974867435667116,
        "recall": 0.997473836160231,
        "f1_score": 0.9974739236891933,
        "num_samples": 2771
    },
    "per_class_metrics": [
        {
            "class": "Healthy",
            "precision": 1.0,
            "recall": 0.9950284090909091,
            "f1_score": 0.9975080099679601,
            "support": 1408
        },
        {
            "class": "Unhealthy",
            "precision": 0.9948905109489051,
            "recall": 1.0,
            "f1_score": 0.9974387120380535,
            "support": 1363
        }
    ],
    "confusion_matrix": [
        [
            1401,
            7
        ],
        [
            0,
            1363
        ]
    ],
    "class_names": [
        "Healthy",
        "Unhealthy"
    ]
}