{
    "timestamp": "2025-07-10T21:02:03.738722",
    "overall_metrics": {
        "loss": 0.010442656138162962,
        "accuracy": 0.9946666666666667,
        "precision": 0.9946699955188528,
        "recall": 0.9946666666666667,
        "f1_score": 0.9946665623479304,
        "num_samples": 4500
    },
    "per_class_metrics": [
        {
            "class": "Healthy",
            "precision": 0.9934383202099738,
            "recall": 0.9960526315789474,
            "f1_score": 0.9947437582128777,
            "support": 2280
        },
        {
            "class": "Unhealthy",
            "precision": 0.9959349593495935,
            "recall": 0.9932432432432432,
            "f1_score": 0.9945872801082544,
            "support": 2220
        }
    ],
    "confusion_matrix": [
        [
            2271,
            9
        ],
        [
            15,
            2205
        ]
    ],
    "class_names": [
        "Healthy",
        "Unhealthy"
    ]
}