{
    "timestamp": "2025-07-16T03:57:29.357739",
    "overall_metrics": {
        "loss": 0.008031488469015358,
        "accuracy": 0.9975429975429976,
        "precision": 0.9975437096515375,
        "recall": 0.9975429975429976,
        "f1_score": 0.997543110652975,
        "num_samples": 4070
    },
    "per_class_metrics": [
        {
            "class": "Healthy",
            "precision": 0.9967514889009204,
            "recall": 0.9978319783197832,
            "f1_score": 0.9972914409534128,
            "support": 1845
        },
        {
            "class": "Unhealthy",
            "precision": 0.9982006297795771,
            "recall": 0.9973033707865169,
            "f1_score": 0.997751798561151,
            "support": 2225
        }
    ],
    "confusion_matrix": [
        [
            1841,
            4
        ],
        [
            6,
            2219
        ]
    ],
    "class_names": [
        "Healthy",
        "Unhealthy"
    ]
}