{
    "timestamp": "2025-07-08T11:32:55.311587",
    "scheme": "binary",
    "overall_metrics": {
        "loss": 0.03760155676352191,
        "accuracy": 0.9873333333333333,
        "precision": 0.9873404572514527,
        "recall": 0.9873333333333333,
        "f1_score": 0.98733294479754,
        "cohen_kappa": 0.9746608104984263,
        "num_samples": 4500,
        "average_type": "weighted"
    },
    "per_class_metrics": [
        {
            "class": "Healthy",
            "precision": 0.9855832241153342,
            "precision_pct": 98.55832241153341,
            "recall": 0.9894736842105263,
            "recall_pct": 98.94736842105263,
            "f1_score": 0.9875246224556796,
            "f1_score_pct": 98.75246224556797,
            "accuracy": 0.9894736842105263,
            "accuracy_pct": 98.94736842105263,
            "support": 2280,
            "support_pct": 50.66666666666667,
            "auc": 0.9990955429113323
        },
        {
            "class": "Unhealthy",
            "precision": 0.989145183175034,
            "precision_pct": 98.9145183175034,
            "recall": 0.9851351351351352,
            "recall_pct": 98.51351351351352,
            "f1_score": 0.987136086662153,
            "f1_score_pct": 98.71360866621531,
            "accuracy": 0.9851351351351352,
            "accuracy_pct": 98.51351351351352,
            "support": 2220,
            "support_pct": 49.333333333333336,
            "auc": 0.9990955429113323
        }
    ],
    "confusion_matrix": {
        "raw": [
            [
                2256,
                24
            ],
            [
                33,
                2187
            ]
        ],
        "row_normalized": [
            [
                0.9894736842105263,
                0.010526315789473684
            ],
            [
                0.014864864864864866,
                0.9851351351351352
            ]
        ],
        "column_normalized": [
            [
                0.9855832241153342,
                0.010854816824966078
            ],
            [
                0.014416775884665793,
                0.989145183175034
            ]
        ],
        "total_normalized": [
            [
                0.5013333333333333,
                0.005333333333333333
            ],
            [
                0.007333333333333333,
                0.486
            ]
        ]
    },
    "statistical_metrics": {
        "matthews_correlation_coefficient": 0.9746686114838944,
        "expected_calibration_error": 0.004162764986356061,
        "maximum_calibration_error": 0.12520443431792716,
        "brier_score": 0.010532353982584352
    },
    "class_names": [
        "Healthy",
        "Unhealthy"
    ],
    "use_weighted_metrics": true
}