{
    "timestamp": "2025-07-09T12:00:29.990180",
    "overall_metrics": {
        "loss": 0.5547954218184694,
        "accuracy": 0.8542222222222222,
        "precision": 0.8895309624063472,
        "recall": 0.8542222222222222,
        "f1_score": 0.867967331815963,
        "num_samples": 4500
    },
    "per_class_metrics": [
        {
            "class": "Real",
            "precision": 0.3181818181818182,
            "recall": 0.5967213114754099,
            "f1_score": 0.4150513112884835,
            "support": 305
        },
        {
            "class": "GAN",
            "precision": 0.9484384207424867,
            "recall": 0.8986599664991625,
            "f1_score": 0.9228784403669725,
            "support": 3582
        },
        {
            "class": "Diffusion",
            "precision": 0.8295880149812734,
            "recall": 0.7226753670473083,
            "f1_score": 0.7724498692240628,
            "support": 613
        }
    ],
    "confusion_matrix": [
        [
            182,
            120,
            3
        ],
        [
            275,
            3219,
            88
        ],
        [
            115,
            55,
            443
        ]
    ],
    "class_names": [
        "Real",
        "GAN",
        "Diffusion"
    ]
}